trap_id,run_id,t_s
SandboxTrap,sim_flyby_run_1,4.0110990570605765
SandboxTrap,sim_flyby_run_1,4.934712605635898
SandboxTrap,sim_flyby_run_1,7.800129905057354
SandboxTrap,sim_flyby_run_1,17.613248651224698
SandboxTrap,sim_flyby_run_1,24.97000493929395
SandboxTrap,sim_flyby_run_1,25.85164068301915
SandboxTrap,sim_flyby_run_1,34.00763327340975
SandboxTrap,sim_flyby_run_1,38.08016910865848
SandboxTrap,sim_flyby_run_1,39.4642409596289
SandboxTrap,sim_flyby_run_1,39.85390939390221
SandboxTrap,sim_flyby_run_1,40.185750439494555
SandboxTrap,sim_flyby_run_1,42.28806525304986
SandboxTrap,sim_flyby_run_1,45.95667855456747
SandboxTrap,sim_flyby_run_1,46.97377865574776
SandboxTrap,sim_flyby_run_1,48.91027369722566
SandboxTrap,sim_flyby_run_1,51.457299149508145
SandboxTrap,sim_flyby_run_1,51.83571395844628
SandboxTrap,sim_flyby_run_1,62.68615571480903
SandboxTrap,sim_flyby_run_1,62.78263802220351
SandboxTrap,sim_flyby_run_1,79.40354812071172
SandboxTrap,sim_flyby_run_1,80.02687756981256
SandboxTrap,sim_flyby_run_1,81.01579397238844
SandboxTrap,sim_flyby_run_1,81.86876880764542
SandboxTrap,sim_flyby_run_1,82.3507877060105
SandboxTrap,sim_flyby_run_1,84.62469848487484
SandboxTrap,sim_flyby_run_1,86.27864448543117
SandboxTrap,sim_flyby_run_1,87.78667479040544
SandboxTrap,sim_flyby_run_1,91.4255351061381
SandboxTrap,sim_flyby_run_1,91.60400801843419
SandboxTrap,sim_flyby_run_1,92.77350475859257
SandboxTrap,sim_flyby_run_1,92.89838999625235
SandboxTrap,sim_flyby_run_1,92.94633422754832
SandboxTrap,sim_flyby_run_1,94.25912162644623
SandboxTrap,sim_flyby_run_1,94.54843768347905
SandboxTrap,sim_flyby_run_1,94.57925585608584
SandboxTrap,sim_flyby_run_1,95.19171308094626
SandboxTrap,sim_flyby_run_1,96.45722882579706
SandboxTrap,sim_flyby_run_1,97.33241102836925
SandboxTrap,sim_flyby_run_1,98.13891435887467
SandboxTrap,sim_flyby_run_1,99.41099267380909
